feature	metadata	value	coef	stderr	N	N.not.0	pval	qval
Odoribacter_splanchnicus	Overweight	1	-1.08235724944593	0.301520935475618	270	171	0.00039365088420107	0.0698929905807754
Bacteroides_uniformis	Overweight	1	-0.619295470061561	0.192077876016603	270	261	0.00141979708330724	0.0698929905807754
Clostridium_phoceensis	Overweight	1	-0.81358122385027	0.252926662228072	270	144	0.00145610397043282	0.0698929905807754
Clostridium_spiroforme	Overweight	1	-0.868625380384453	0.255316455543197	270	131	0.000770652767215955	0.0698929905807754
Dysosmobacter_welbionis	Overweight	1	-0.722387136614533	0.260652814845605	270	217	0.00597156986924489	0.173677074103232
Flavonifractor_plautii	Overweight	1	-0.556930923090619	0.202952392262215	270	257	0.00647660948556515	0.173677074103232
Bacteroides_cellulosilyticus	Overweight	1	-0.95324217894068	0.34153111170893	270	141	0.00563085111650792	0.173677074103232
Clostridia_bacterium_UC5_1_1D1	Overweight	1	-0.71802939861906	0.265299723125897	270	203	0.00723654475430132	0.173677074103232
Eisenbergiella_tayi	Overweight	1	-0.596790673521671	0.233346242082259	270	94	0.01109269406192	0.236644139987626
